Valuta,alfa,live,hot,Summa
USDT,0.20005202,0.00299245,0.23527704,0.43832150999999997
BTC,0.02722695,0.00031789,0.02489569,0.05244053
USD,1921.8127884399998,69.90647303,0.0,1991.7192614699998
PZM,0.0,13221.10219433,45796.1732381,59017.27543243
ETH,0.0103985,0.0,0.00080888,0.01120738
USDT + USD,1922.0128404599998,69.90946548,0.23527704,1992.1575829799997
