Valuta,alfa,live,hot,Summa
USDT,0.08912632000000001,0.00299245,1032.36212331,1032.45424208
BTC,0.0,0.0419742,0.06026975,0.10224395
USD,848.23381094,6.86e-06,0.0,848.2338178
PZM,1273.42740847,12091.04835703,255.6832381,13620.1590036
ETH,0.01092496,0.0,0.00080888,0.011733839999999999
USDT + USD,848.32293726,0.00299931,1032.36212331,1880.6880598799999
