Valuta,alfa,live,hot,Summa
USDT,0.00774543,0.00299245,0.11447868,0.12521656
BTC,0.0,0.10098858,3.603e-05,0.10102461
USD,1904.73932419,2.8e-07,0.0,1904.73932447
PZM,20450.96,9256.28155177,26825.1132381,56532.35478987
ETH,0.02034848,0.0,0.00080888,0.02115736
USDT + USD,1904.74706962,0.00299273,0.11447868,1904.86454103
