Valuta,alfa,live,hot,Summa
USDT,0.00735418,0.00299245,411.64993759,411.66028422
USD,1466.74371923,3.72e-06,0.0,1466.74372295
PZM,0.0,0.04959667,23621.323238099998,23621.372834769998
BTC,0.006319969999999999,0.0,0.06219946,0.06851942999999999
ETH,0.00092496,0.0,0.00080888,0.00173384
USDT + USD,1466.75107341,0.00299617,411.64993759,1878.4040071699999
