regim,timed,b1,b2,val1,val2,val3,kurs1,kurs2,Vol1,Vol2,Vol3,Vol4,profit,Go
3,11:10:02,alfa,hot,USD,PZM,USDT,0.0215,0.0221829,5.4697036710542495,254.40482190950001,253.896012265681,5.628770560578081,2.91,off
1,11:10:02,alfa,live,USD,PZM,USD,0.0215,0.02164,42.155725285942744,1960.7314086484998,1956.8099458312029,42.26914556677722,0.27,off
